Dim1,Dim2,Label,Sample
-0.8798841,7.976345,7," I don't know, I can't really think of anything.  I just been playing a little golf and producing a "
0.5308466,6.655544,7," No, and don't tell me what is going on. I don't and don't tell me what is going on.  Please."
7.0086603,-11.123167,2,"  Yeah, I think I'm always pretty good no matter if we have fans or not.  I always talk about stayin"
17.404203,-1.2592762,4,"I was going to say, Marcus over here was in the finals of the MVP of the American League, and here y"
-7.022748,-21.329184,2," Obviously today was more of a grind than last Thursday.  But still, still saw some good scores, obv"
-18.153183,-12.674317,2,"Yeah, I think she was tired in the third set and she -- when she start -- when I start to play, you "
12.541861,18.717503,2,"Yeah, Zack's preparation is probably the best in the game. There's a couple of guys here, too, as we"
-25.24458,1.2460694,2," I managed to hit some of my shots close, and the ones that I didn't I managed to save par."
-6.714864,17.338678,3,"  Yeah, he's just battling through the heel.  He was struggling to move a little bit but toughed it "
-20.830442,-12.210072,3, It is like during the Wimbledon -- before the main game she was practicing and she injured at the W
11.648598,-4.592393,1,"Yeah, I mean, having them go out there and be aggressive, a lot of the credit goes to the scout defe"
18.79972,-19.884262,2, I can't say that I turned it up because he doublefaulted three times.  I wish I could take credit f
17.59798,-11.314511,2,"  It's unusual.  It's rare that you would dominate the 500 the way we did, support a single driver t"
1.9016367,-21.596874,2,"I feel great. We've had good speed. I look at Vegas, if we didn't get the damage, get trapped down a"
10.31682,-7.5129714,2," It's just about fairest match I play. Today I was expected to do win, I came through, I'm expected "
-1.2140267,-6.1076794,6, We just said that we are going to make a couple of tournaments before the Open and the Open.  We di
10.380359,8.337607,6,"You obviously love your chances, you've won it twice before, what is it about that makes this event "
-24.142942,-8.083221,5,It's not a bad four-year run. It almost feels like it got started against us a few years ago at our 
-6.2822847,12.728281,5,"  I had so much champagne, I don't even remember what I said to my dad.  Probably I love him.  He's "
-20.126282,15.586963,2,"  I hit pretty good tee shot and I have like 195 and it's like downwind, so I hit 6-iron and I have "
-1.0873095,14.844883,2,"  I don't think Andre lacked anything.  I think Andre has all of the tools to be a great player, and"
2.3285646,-9.521012,5,Absolutely. We're all about winning it all. That's what we're all about. That's what fan base is all
-19.88644,8.7232,7," Last year I was here watching a little bit, yeah.  The year before, I am not sure, I might have bee"
3.8959577,13.840753,2," Yeah, two weeks have been just great. No one expect me to go to the quarterfinal, it has been great"
-5.4604754,12.03619,2," You know, played very well the.  He gave me the opportunities; I took them.  That is why I played w"
7.7739034,-19.441065,5,"First of all, congratulations to Stanford. They played a great match tonight. And for our group, obv"
6.3213186,-5.454098,5,"  No.  This Team does not get nervous.  We are a very poised, confident group.  We are prepared to g"
-18.48642,-1.9268422,2,I was trying to put away the hitter. For me something very big because that hitter is very big right
-4.689635,-19.494781,2,"I mean, I think certainly early in the season that was a major factor. As the season has progressed,"
5.3147655,-9.987131,7,"We've been talking a lot. Talk a little bit about baseball, talk about his workouts, and other stuff"
-8.096691,-5.929578,7,"  Yeah, absolutely.  It's gorgeous out here.  Really made it super fun having so many people watch, "
-13.477052,26.058605,1,I'm not thinking.  That's something that me and Matt have connected on before.  Incredible look by M
12.872748,-17.421423,2," Why, because they are all so good and they have done so many good things in golf.  They have won so"
2.5354872,3.2902653,2," Yeah, yeah, it's much better with my technique.  It's much better and now on I knew on hardcourt I "
-6.503949,-25.348095,2,"I think it made a difference. We ran second, led some laps, ran second all day. We were just a littl"
9.969322,-2.0048883,2,"Yeah, it just depends on what type of hitter you are. Some people stick to your approach. Some peopl"
-8.039545,6.9975076,5,  I felt like that a little bit.  I notice that Ally would always make it on top of me so I thought 
-16.826677,-5.826855,2,"  Oh, my God.  (Laughs) I'm done.  It was a struggle today, especially off the tee.  I think I was s"
-9.563776,12.750337,3,"This is something that, like I said, he came in yesterday and felt it a little bit and had these lit"
7.1954174,-16.331142,4,"Well, I wouldn't expect the worst strikeout Team to be in the World Series, you know what I'm saying"
16.085484,3.47287,2, You've had an incredible season this year.  What do you put it down to?  You've been winning almost
9.364845,-17.20916,4,"First of all, I'll certainly give Salisbury the credit they deserve.  I thought they played a very g"
13.561173,-6.2448835,7," Oh, absolutely.  What can I tell you? Three days, I have been all day in the place here trying to p"
-9.093816,-18.071894,7,"  The snarl?  I kind of just did it.  I've never really made that face before, like ever in my reall"
-10.405603,9.528622,2," I don't know.  I haven't played on stadium.  But compared to the other courts, it is slower, yeah. "
16.210958,5.3020234,5,"I echo that. When you have a place that you're proud of that you can go and say, This is such a beau"
-9.825669,-3.9277394,7,"  I'm definitely going to take some time off again.  I took a couple days off before this event, spe"
23.536192,-7.82548,5,"I'll second that.  They are tremendous players but even better people off the field.  I mean, just t"
-2.2985933,14.625532,6," Oh.  He is going to be tough.  I mean, he is very good player.  He is the top player.  So it is goi"
-3.5803301,-0.36041868,6," I am not really looking that far ahead, playing Michael.  Right now I'm concerned about playing Enq"
6.819964,-12.5836735,2,"Well, blocking against Jazz Sweet is pretty frustrating, I'm not going to lie but I think we did a p"
8.950855,0.13973635,5,"All of them. I feel great, ready to go. This is exactly what I needed to get through here and get a "
-4.424196,-3.9255593,5,"  Well, I guess to me, it just means that I played on some very good Teams, that's all.  Fortunate t"
22.794388,-4.9152617,7,"Obviously, there's measures in this contract that allow for the club to extend the payouts a few ext"
14.8085,0.20852683,1,"Of course. That's always going to help. And, again, like I said before, every Team here is looking f"
1.9173433,-23.184366,4,"I truly believe -- we had opportunities today. We've been doing really well, driving in runs with me"
7.6195416,4.206121,7, To early to get in any kind of sense for me.  I don't think I have that much of a feel for the tour
3.8401635,-11.610938,1,"No, we're not practicing that, but I have some knowledge about that. So we share the knowledge with "
17.516558,-1.4498715,6, I would say so.  Obviously depends on what we get tomorrow.  But I think these are the conditions y
-18.96997,-3.6601937,2," Well, the 15 majors, but obviously that would be something very, very special.  I think so, yeah.  "
-1.5695531,-3.788745,7,"Yeah, it's a good question. I'm not the hiring authority, so I don't know, but I think it's importan"
-12.757483,0.28535345,2, I dived because I had to get the point and there was a little bit of luck and I got it.
-7.4021273,20.881128,3,"I'm actually looking at him right now, he just walked in my office. We haven't talked yet. I'm going"
7.0553255,4.670912,2," Yeah, I would definitely say so.  The approaches are also difficult to play in this kind of windy c"
-0.023226282,14.3303795,2,  You don't get a chance to know each other too well.  The thing I know about him is he is a great l
0.22409709,10.0908785,2,"There was a lot of things that could happen with lap cars, him guessing wrong, me being able to run "
-11.737307,20.119955,2,"Marisnick? Jake is an impact defender, he's got some base running skills that we can utilize hitting"
-10.099551,-6.786358,7,"  It was fun.  It's nice having my brother on the bag, but it's cool.  This is the first time dad ha"
-4.484343,8.912423,3," Obviously, it didn't.  Usually I play pretty well when I have an injury, but normally I don't make "
2.9348943,7.796621,5,I think we obviously have to respond from last night.  It's always about what's in front of you.  Wh
-16.15999,11.889576,1,"  Yeah, you know, we realized what they were doing defensive-wise, so we had a much better offensive"
1.1298438,-8.998151,7,"Yeah, to be honest, we haven't talked all about it. I know he had a great run. I think we all respec"
-10.240916,16.07111,2,"No, for me, he just got -- he starts the game, he gets a little quick. But then he settled down for "
-14.850158,9.096734,2,  Probably on 16.  That was the longest putt that I holed today.  It was kind of across the green do
-14.07426,-14.733348,5," No.  Each one wants to do the best she can.  But we don't think ""I want to be better than my sister"
-0.7403542,-27.072279,5," Absolutely.  I'd like to see Michelle, although I didn't want her to win on Sunday because I wanted"
4.914073,-19.12422,4,Michigan State was a physical Team.  They dominated us in all three aspects of the game.  I thought 
6.0523562,0.9067551,6,"Well, we feel like we're -- two years ago now this next year we feel like coming into this next seas"
6.276966,12.764105,5,"I agree with everything they said. I couldn't have asked for a better senior year, and I'm just so t"
8.06802,-9.140646,2,"Yeah, absolutely, I got a couple to fix up about my mechanic, and I want to work this offseason abou"
18.567778,-3.9641817,7," Not many people would, but if someone starts to mention, hey, this and that the other, I say listen"
6.951212,-21.898745,2,"Yeah, that line's been great for us whenever they're together.  Robby came in, brought some speed, s"
-22.958036,5.0462103,2, Not particularly.  I think surface probably suits him a little more than it suits me.  Probably mor
-18.248985,-4.720825,5,"Obviously very proud to have followed Fernando Valenzuela, obviously something historic, and somethi"
1.3219131,7.542701,5,I don't know about it is remarkable.  I think it is a testament of what people can endure or perseve
-8.132121,15.272789,2,"Well, you're right, he was good in the No. 1 spot.  He was playing well, he likes to play fast, he w"
18.962227,4.1368103,5,"Enjoy it. Honestly, it's stuff you gotta go through. I got a lot of advice from friends of mine. Kev"
0.9693134,9.613639,5,"  Well, I don't know if that's true or what it is.  I think preparation and opportunity, those two t"
13.624425,7.310458,7,"  Definitely feel a certain level of disconnection.  When you're here, you very much feel like you'r"
14.469942,10.179215,2, Is this the best win that you have ever had against a big player or have you beaten another top pla
0.66304904,5.6344323,7,"  I tell you tomorrow.  It is nothing knew to me.  I mean, I have been playing singles, doubles, mix"
22.854818,7.2680373,2, I will ask Tiger the same question after being the lead now at 6-under.  Some thoughts on your roun
24.505901,1.9400114,2,"  You know, just being aggressive.  Taking the same shots that I took last game, and just having con"
-10.783741,9.578645,2," There was a serve.  It is difficult from the other side to judge a serve, but I felt it was out."
18.240969,-9.525286,7,"And one more thing to add, the humidors don't really address the issue of drag. The humidors will af"
10.53176,-16.58831,2,"  I think what everybody sees in them, they are very athletic.  They don't give up a lot of big play"
3.6432273,-4.967866,7, I am just going to let the Europeans do it because we are on deadline and if we want to go back to 
-4.3907056,17.801596,2,"No, I don't think so.  He's a good defender, and I mean, I only one scored goal, so he did his job, "
10.894002,25.588783,8,"It was pretty clear??Ãª<U+0080><U+0091>cut. The 21 hung a left, drove those guys down below the line"
-21.734531,-4.936314,5,"Well, it's obviously a different experience.  Something that I'll definitely remember.  Something  t"
21.1295,12.178103,5,"Melanie, thank you so much. I want to echo as well your dad, truly amazing and inspiring, Mike. Defi"
-13.459574,26.064709,2,"Again, an incredible look by Matt Moore.  He did the grit, and I just saw a shooting lane and I took"
12.729378,12.273455,4,Obviously we played a lot of world-class Teams in this tournament. But this performance would probab
-10.709207,-22.944326,2,They positioned themselves pretty well. But we hit some balls hard. Trea hit a couple balls hard tod
13.401495,-16.946815,4,  It feels pretty good.  It is always good to win a Grand Slam title even in mixed.  I think very sp
-6.2815256,-3.526687,7,My mom is someone that I talk to a lot and obviously she helped me out this morning. We had coffee. 
-5.831088,-8.032107,2,He's been vital to our run up to this point.  There's no question about that.  We are not here witho
19.437605,-15.208771,1,"Good afternoon, everyone. I have a couple of topics that I would like to cover and then obviously I "
-2.4368784,1.0286454,7,I am just very happy to be there.  It is just -- it is no time to be surprised or not to be surprise
-6.961633,16.306597,6," He's going to come out swinging, he's got a really nice backhand and he's been playing well all wee"
5.094551,20.21406,2,I will still working on the same thing because like the first two hole I keep thinking about the out
-26.152164,8.761768,2,"  I thought to myself, I said, I tried to get a pitch to hit and he made a good pitch.  That was a f"
-8.5233135,7.1960006,4,"  It was a good settler.  I felt like I started fine, a little bit more steady than yesterday, so to"
-12.171144,11.964267,5,  I'm doing the same thing.  I'm gassing him up.  I feel like I'm putting that battery in his back. 
11.326412,-5.5190845,5,I think that's an Individual thing. Players have to pick themselves up. Management or anyone can go 
-4.2279487,15.551763,7,"Let me just add to that, that when Lloyd says we have no idea, you could interpret that to mean that"
1.5103462,-10.297023,5,Obviously you can always shut the short.  So maybe give them something different.  Coach Conry was l
-1.407547,0.9420998,4," When I am out there, it feels like it would be nice to know that I am a serving a little bit better"
15.792859,6.653574,4," When you win a few matches, I beat good players, then you get more confidence and then you know tha"
-1.860303,-9.376919,8,"It's not what I want to be here talking about. And hopefully when AJ gets in here, he'll get back to"
-3.4696627,-6.929453,8,"To be honest with you, that probably helped distract me through the majority of the week. Just being"
-20.473097,8.652511,4,"Yeah, it's been a long year, up and down.  All worth it in the end.  Obviously a little bonus scorin"
-18.221687,-15.239832,2," Yeah, not really-- and after they broke us, she got very confident.  She started to psych up and go"
-2.9604487,19.504381,3,He felt something when he went to block that ball in his hip flexor. We don't know the severity of i
3.7664132,-18.792284,7,ORLANDO HERNANDEZ (Through Leo Astacio)   I have given thought to everyone on their Team.  Luis Gonz
-20.377867,-17.149963,4,"  Yeah, well, I knew that today playing in the morning, especially early, was going to be much more "
-0.28053963,3.9263682,6," First, to rest, then I will see what other tournaments I will be playing and if it is Australia or "
2.3012493,-2.4408326,1,"  Yeah, obviously that opportunity helps, but I'm just getting out there and seizing the opportunity"
5.79991,7.7227893,1,"  You know, that's a great question.  I think the biggest thing is for me just studying the game, re"
-8.249473,16.106894,7,"He was a very smart player, and now he can share the knowledge he has with the players that he's goi"
-25.316994,0.6594863,8,"  I've never managed to find a comfort zone on this golf course.  It amazes me, but I think that's a"
-10.1268215,-15.57396,4,"Congratulations to Wesleyan, and Coach Raba a tremendous game.  It was a battle for 60 minutes.  The"
9.147858,2.3392792,7," The Other Side of Midnight, and Memory -- Memories, something like that.  Two books of Sidney Sheld"
6.576372,16.508074,7,"Hi, everybody. I'm Jon Sciambi, and it is my pleasure to welcome you all to this year's announcement"
-5.7552476,19.46402,3,Andy is fully recovered and has started maybe some light hitting. He's on a regular schedule. He'll 
-7.7980633,-2.0853732,7,A lot of different and for the last days I played with some juniors because there is no more big pla
12.228017,-3.157502,4,"Yeah, I agree with what both of them said. I think this is a really great way for us to go out, and "
2.0822031,11.812838,2," I cannot think about that right now. Actually, my dream was to play one more good Grand Slam and re"
-13.202679,-4.7531147,1,It was really something that's been in the works for a little bit. I've sort of changed around my st
4.9643664,2.8995752,4,I feel great right now.  What a beautiful day to play golf.  Braved the last two holes to kind of ge
9.145939,-5.9508004,1,I try not to watch my competitors anyway.  I try not to watch what they do all that much anyway.
9.454808,7.550991,7,"Probably so.  Actually he makes all sizes.  I know that my waist is a 30, but in his clothes I'm a 3"
-12.055036,4.228736,7,"The field crew at University of Arizona, they were my best buds. Johnny O., he was the director, he "
8.178443,-19.646334,4,"First, just congratulations to Minnesota on a great season. They're a great Team. We saw them early "
1.1694674,-22.695995,6,Not really. We were just worrying about today. We knew that going in I guess there wasn't any reserv
22.78487,-6.1628785,4,You're obviously one of the leading players on the LET at the moment.  Does that put extra pressure 
11.430878,-7.517984,1,"Yeah, it's definitely uncharted territory. And I'm just trying to continue to do what I've tried to "
22.777452,-7.116878,8,"Yeah, because that's not coming from the players on the field. The players on the field, it's their "
-0.9826607,7.671672,2,"Gee, this is a Lisa Raymond -- Natasha Zvereva press conference. I don't know. Frankly, I don't know"
-21.899216,-11.847533,3,I had injured it the Friday just before the Monday at San Diego the tournament practicing.  I would 
-1.5679464,-6.8292766,7,"Well, right now, based on what the organization make the move, we hired -- they hired him, before I "
5.2786975,27.64206,8,"Yeah, I appreciate the question. I think a lot -- people have spoken on this. I've spoken on this, I"
20.346876,-15.80375,5,"The key for them is clearly Plummer. If she's good, then that creates space for everyone else. Every"
-5.7228255,-24.97763,7,We're excited to have with us a number of players who were named to the first and second Teams. Join
4.3685646,-1.3657922,7,"I think I will not miss cricket -- I mean, I'll be involved because I can't stay away from this. And"
5.428469,-10.1858635,1,"You know, I can't say we practice it a ton.  We talk about power play, that sort of thing.  Then def"
1.7027876,9.815362,4,"  I think I definitely left  -- I did yesterday, as well.  You know, one of my  -- one of my things "
-5.6948214,2.8802032,2,"  Yeah, so coming from KPMG I was extremely happy with my long game from tee to green, but the putts"
-21.013025,14.41073,4,"  Is that aggressive?  (Laughs.) No, I think I played pretty well.  I'm getting it in the fairway, a"
-17.924839,-5.034205,5,Very happy with the home run. Obviously today all my Teammates were saying today is your day. Today 
-18.096766,-8.14039,2," I think I was very tired -- I was tired because I have been all the week with diarrhea, because the"
-20.214233,-16.907602,4," Yeah, a big surprise.  I was really surprised about; especially Jennifer yesterday.  I knew she had"
15.603417,11.44899,7," When the rankings were first released, she was ranked third.  I think any time you have a prominent"
-13.339503,-18.9733,4,"I think it affected our Team.  You know, I think collectively a lot of things affected our Team.  I "
-20.64026,17.483067,1,We started on the back nine and I started off hitting a 5-iron in there probably 18 feet from the ho
-9.414431,14.959079,2," He was serving for the match at 5-1.  He was Love-all; he had hit a smash wide, real wide, and it w"
18.48955,-14.245883,1," You know, that's a hard question to answer simply because you haven't replaced it with another even"
-8.811547,2.9066894,4,"It was tough for him, first game back.  That's a big game.  Obviously they didn't get a whole lot of"
5.9354157,-25.102499,8,"Sure, I'm appreciative that the officials allowed it to be an aggressive game and they allowed big, "
13.377143,2.98224,7,"  Well, you know, I don't think I was consciously thinking about the game at that time, but you pick"
-2.266524,-4.8869834,7," We have world No. 1, Annika Sorenstam, the recent winner of the U.S. Women's Open and also the lady"
1.516486,23.129477,5,"  Well, start off with our Captain, Sue Bird, just leading us and it goes from the starting five all"
9.455268,-21.294243,7,  I'm sure she is.  They're both great.  Pat was a pod captain last year too so I got to know her pr
2.526736,6.6343303,8,I don't know that it's been a bit of a struggle and I think some of what's been identified as a stru
-12.308847,12.611441,8,"Yes, we missed him in the first half and any conversations I have with him on whether he's coming ba"
0.51736945,0.7213046,1,Today I went to the net a lot.  I felt very good.  There are going to be players where I am going to
3.6801348,10.233804,6,"  You know, weather is really good and golf course is really good condition right now, so everybody "
13.024177,-19.571142,7," I think size-wise, they compare to Nebraska close enough, their center is about the same size, the "
-12.572846,19.935068,7,"  Lopez?  Yeah, I've faced him plenty of times, yeah, when he was with the Indians and this year wit"
0.44008154,-13.769953,5,We have a really good Team. We have a lot of good things going. We have -- we're trying to build the
-0.8405738,-14.204273,7,"  Well, there's not uncertainty in my mind with LeBron James.  And [when] I took the job, we didn't "
-13.411882,-1.8833549,2," I think it's just work has been paying off and I did good last year, I just didn't have any wins.  "
-7.7351723,-2.0441296,1,There's no doubt there's been a lot more time going into data and watching games. And there's so muc
-17.920076,-12.389409,2," Yeah, sure, she was.  She was making some doublefaults or easy volley mistakes and -- I mean, she i"
1.2115545,-16.026234,4,"Look, we know we're a great fielding unit. We normally have one of those games somewhere along the l"
-15.379965,16.413311,2,"But Yadi can hit anywhere. Hit second for us, third, fourth, fifth. He can hit anywhere because Yadi"
-18.67805,-0.53569394,5,I'm living the dream. I know this is a big opportunity for me. It's a big year for me. And I'm going
3.3588884,21.01828,5,Feel really good.  I was just thinking like I don't want to discredit my round just because I played
2.33697,-18.237785,8,I thought we were disciplined. We weren't trying to do so much. I think when we've gone back and we 
-11.098401,-12.670398,6,"  I mean, it definitely is a high percentage if I have a few days.  But like I said, I'm making some"
5.376671,8.053445,2,Just I think my game just is finally coming together.  I'm really comfortable my swing.  My PXG equi
14.280582,4.710893,4,"Yeah, it definitely helps when you can get -- see their bullpen. This way you know in a long series "
-3.8107622,-7.3665566,4,"Yeah, I talked to him a little bit in Houston. A lot of guys who I've played with, we've gone throug"
-20.812822,16.293697,2,"I started on 1, so first hole I hit a sand wedge about a foot, got it in my range.  I hit a 9-iron a"
3.0927522,-13.338704,5,"No, we're trying to win today's game. I'll empty my own tank. There's certainly a couple of guys tha"
-11.148193,7.100302,1,I know what the boards feel like (laughter).  I was a little bit confused where he was.  It was six-
-12.419024,8.81693,7,"To talk about what Matt was saying and his lacrosse IQ, it was in the fall last year, it was freshme"
-4.528469,-20.63814,7,Every off-season we go through our baseball operations policies. Sign stealing was a big focus durin
-8.643602,17.903978,3,"Yeah, he's in the clubhouse now. He's going to get treatment. He's going to do everything he can to "
-16.568272,1.6386302,4," I have played Sampras at Wimbledon this year, and that was a big match for me.  I didn't play too b"
13.958265,-13.867934,7,It's amazing to see.  This is a hockey town.  They've been with us through the ups and downs.  They'
-23.31995,4.878514,8,I think you heard Erik say in the previous interview there would probably be even more wrecks. We ce
12.139312,-18.79975,5,I think everybody is excited about the game.  They have enjoyed their experience and they are going 
14.148261,0.036829818,8,I think you're always looking for pitching. I don't know that you ever have enough. I don't know. We
-11.190051,-3.5170128,5,"It's a little different than our old stadium, it's got some jagged edges around the outfield. It's g"
18.295536,1.4202569,7, You probably are not going to see us two doing a Stance Little League Clinic.  We are probably the 
14.512372,2.2532876,5,"Yeah, I mean, of course you want to win every game.  I think if you think you're going to sweep ever"
0.74759,13.66839,2,"It would be great for us, great for the Team, great for him.  He's locked in, laser like focus going"
-5.5440106,25.277794,7,"  Yes.  Definitely got a lot of congratulations from Mike Whan, for example.  He texted me right aft"
0.2576553,-10.81244,1,  So I been working more on like short game and bunker play and putting as well.  Putting obviously 
1.1890124,-12.2871685,7,I've been texting him. We've been trying to call and missing each other. He's been hunting in Ohio a
14.60015,19.249317,6," No, I actually got a wild card.  I received an invitation to play Doral as kind of a home player, I"
-15.798397,-23.154985,6,We had three-hour training camp practice yesterday (laughing).  It's just prep.  Normal prep in betw
10.591429,11.695996,7,  Have you ever played in a tournament and the location was so beautiful that you decided to come ba
11.327232,-0.5190993,5,"Maybe a chip. I think when you play some of the Teams we play in our division so much, it's probably"
-12.028612,9.977633,3, He was -- it was his back because I saw him in the locker room it was his back.  Which probably com
12.136402,9.36646,2," We have by far and away the No. 1 player from the Ladies European Tour, Gwladys Nocera.  You've won"
6.1616087,-17.08807,4,"  Yeah, again, we're our own worst enemy sometimes.  Our turnovers tonight really hurt us badly, unf"
17.958824,6.7695727,7,"  Well, you know, you're cooking for yourself, paying for your own school.  So you're not living hig"
10.855264,1.7420957,5,"It means a lot.  We're lucky to have them.  They've been here for us all year, before that, too.  Yo"
11.83767,25.622696,4,"  Yeah, I was just pushing.  I was hustling the car, driving as hard as I could, trying to enjoy mys"
-14.319839,4.3152575,4,"  One was sand wedge, and one was my fat baby, 60-degree lob-wedge.  Usually I use that one mostly a"
-19.66399,0.7614887,4," I thought that if I play my best I know that there is a possibility to win, so it wasn't a big surp"
10.591299,-16.149174,2,"  Those guys do a great job.  I don't think the height is a key thing.  I think, again, we've just g"
-10.560437,17.050352,7,The meetings will probably get longer because he won't get up and leave after he gets bored. Definit
20.65693,-8.490199,1,"So a part of our tactics are bowling according to stumps, stump to stump. That's the field we employ"
19.747334,20.320091,7," I've got a bunch of family in town, so I'll probably just be at home and entertain all of the famil"
-0.45930928,-23.50645,4, It was the same thing last week at Evian.  But I guess that's what we call experience and hopefully
-17.339722,-6.6030297,4," No, it was very tough today because it is true, somewhere I have to beat Masur because his ranking "
-4.0501347,4.1616745,7," I don't know.  I hope so, but I am not working with the French Federation, so I think my coach will"
12.921027,4.153381,5,"I think the biggest thing was we went out there, and we're trying to have so much fun. And you'll si"
-4.5985827,6.37793,7,"My opinion really doesn't matter, so I don't normally give it.  Say what I say, so I'm not going to "
3.94369,-14.7207365,5,"Again, I think it brought us together, kind of similar to this game, like we're in this, and when we"
-2.4706163,-2.0629597,4," It is not nice.  It is not nice.  It needs to be get better, everyone wants it to be better, but I "
3.0018425,21.14127,3," Well, I thought it was    to me, the holes played, the into the winds holes I did better on those I"
-12.337746,-19.46745,4,"No, today we made mistakes in fielding and dropped some catches. That's the difference between our T"
15.362169,-4.508165,2, I'm not too concerned.  I don't really look around the stadium to see who's watching or how many pe
4.6437883,3.3006551,2,  I'm in great shape.  I bounce back extremely well in between games.  I could play right now if we 
13.53496,5.4418488,5," Yeah. I mean, it helps a lot just to look to the side and see that you have people there who are wi"
-0.6203705,3.9566116,1," That means playing on the baseline and finishing the point with the winner, with the volley or some"
-9.015214,6.754786,4,"No, it was never like that.  Every week I felt like I could win because my practice was so good."
-20.133553,17.159489,4," Yes.  Birdie on 4, on 4 I hit a 3-wood off the tee and I hit a 6-iron in there about 12 feet just b"
-1.7636534,22.674105,2,"Well, I remember him hitting against me in Spring Training. And I would expect him to be looking for"
-6.101996,14.769456,7," Alicone (ph).  His birthday is today.  Yesterday he was joking, ""You're just waiting for a good rou"
11.736372,-0.25599605,5,"Yeah, I think it gives negative mojo to your Team if you think of how many goals you're down by.  In"
15.066801,10.363512,2,It's something that I have done. It's something -- it has to be the right time situationally when yo
16.550476,-6.9436116,1, No.  I just work on everything the same for three years now with my new coach.  So the same every d
-3.0566874,18.237106,2,I think just what I expect out of him.  I know he's a goal-scorer.  He scores lots of goals every ye
1.5212944,12.741642,4," Of course.  Yeah, to beat Becker in a Grand Slam that he won before, it is just great. Nothing comp"
3.8196542,-5.0108194,1," I don't think there will be an effect, because they have other players, as well.  So we can't just "
24.703323,2.3070526,5,"Yeah, it's just the game management, and you're expecting -- I'm not going to go all into it, but I "
-4.411089,2.2294405,4,"  Yeah, 100%.  I was not happy about that.  I was not happy.  But the bunkers are usually -- I like "
11.61558,-18.629345,5,"Yeah, you're going to see Teams doing some uncharacteristic things just because they know their seas"
-19.288345,-13.310349,2, I think she is a great player and she really puts a lot in the game on the court and off the court.
-13.154001,0.4925067,4," It was only two feet wide.  First point he served for it.  It is a huge point, and it just pissed m"
-16.384003,-14.6413,2," Well, it is best she has played for a while.  She has a tendency to do that against me. Bad luck."
-28.520876,-4.5195923,7,"For sure. I had a pretty good familiarity with the National League West, not just as the manager of "
-5.922774,-16.555302,2,"Yeah, we stopped the bleeding last night and then came out and played well again today. We want to j"
-9.800451,-1.025827,3," Yes, I did.  And they did some work on it.  They gave me some medication and so on and so on.  But "
21.750355,-11.965062,1,"We knew Ohio State was going to come out aggressive in that second half, just like they normally do."
-25.94671,0.21403244,2," The best way I can describe it is that this kind of golf suits my game.  Like for instance, at the "
2.7067413,-18.41286,4,"We can be better, period.  I thought we were good in front of them.  A couple of bad breakdowns we d"
-16.453728,2.3500679,7," Twice.  I played Tuesday, I was in the Pro Am, but before I got to here, I played Friday and Saturd"
1.4438243,-0.4236489,8,"So they've got to qualify now to make it.  Every now and then that's going to happen, but it seems t"
-24.343971,-0.36582124,7,  This golf course is beautiful.  I've never been in area so it's a really pleasant surprise.  It's 
8.615556,-5.204123,5,"No, we try not to worry about any of that.  We just try to go out there and do our jobs and play."
15.833659,-10.640495,7,"I think we've come a long way, as we have really over the course of decades.  I think the league is "
-24.774061,13.749712,7,It could be. I'm not a big room service guy. I like to go out and eat. Houston has got some pretty g
-1.4728423,18.055664,2," I think it is hardcourt.  I mean, even though he won his first Slam on the clay, I think hardcourt "
3.2003574,-16.986235,7,I can share that I've been a fan of both players for a long time. I can share that in Philadelphia w
-11.444673,-13.2357025,6,"  I mean, I'm doing everything what I can do.  It does feel better than when it happened.  But you k"
-1.7785442,-9.699466,8,"  No, I've always been a guy who kind of let his game do the talking.  But when guys get to talking,"
5.8353667,13.168875,8," We asked for a wildcard, three, four weeks ago, maybe.  I decided to play New Haven and Schenectady"
19.368835,1.5894747,4," You got off to a very fast start, two birdies in the first two holes, would you like to talk about "
12.639312,-22.660315,4, I kind of enjoyed it.  I didn't enjoy the fourth set.  Did not enjoy that at all.  I enjoyed the ma
16.213028,-10.783182,7,We have it on the outside of the case packs for our own uses that we know. That's part of the recomm
5.5198283,-4.8254523,4," Yeah, I think we start to play very nervous.  We didn't play so good today, but I think we have a g"
-0.12674169,-16.602638,5,"I echo everything. If we look too far ahead, we get lost. Even taking it one point at a time, we're "
-26.1543,8.739053,4,"Absolutely. That's what you call a perfect pitch right there, a pitcher's pitch. And I was able to l"
-28.497093,-4.4420204,2,"  Yeah, probably.  They have a deeper bench, there's no question and I think that gives them more of"
-2.4219575,2.2909417,8," I am not in her position.  I am in the other position.  I would probably continue, so, I don't know"
-0.7867248,-1.1791968,2,"  Yeah.  I mean, that's who I am.  I know it doesn't seem like that all the time, but that's how I w"
2.9688475,-10.346851,2,"We talked about it right after that. These guys all season long, offense comes and goes, you have sl"
2.468238,-8.785244,5,I don't know the Team sentiment. We haven't really discussed it all that much. We're worried about w
-0.1767817,-20.238026,4,"Yeah, I think both Teams were pretty consistent throughout the match. Like hue said, Florida is a go"
-9.587853,22.98272,7,Yes. He's been to many of the events that I've done in Puerto Rico. He helped support my academy in 
9.169511,19.913706,1,  A couple times.  She forced me into 3-wood a couple of times and it was a good move.  I wanted to 
-3.8612468,-15.775142,4,"Yeah, we were actually down 3 games to 1. We won the game in Chicago and then went to Cleveland and "
-7.955648,17.42602,3,He's good. He's been swinging. I don't think he's hit live yet. He's hit off the tee. He says he fee
-17.083563,7.075331,7," I don't even know, maybe at the Bob Hope, and that's it.  Of course they have  thin air, as well.  "
13.649781,6.900314,4," Most of the time you know it right away.  It is dramatic.  You win, you feel like you are on the to"
20.275557,13.048832,5,He basically summed up everything.  It's just been an amazing three years for me.  Denver took me in
-24.660686,13.733385,2,"Those are pretty nice numbers for a middle, .484, 19 kills, eight blocks. And then got three aces, g"
-2.7820084,18.640842,2,Probably more.  It's his first Playoff.  He's a young guy.  We didn't know what to expect.  He's gro
-7.720848,9.481667,8,"Well, the three-batter minimum for me is a little cloudy, so I'm waiting to get some more clarificat"
21.685244,-11.818244,4," I wanted to come    I knew that the back nine would be hard to play, or harder, so I really wanted "
2.589449,-7.6616364,2,That's yet to be determined. I don't know if he played much baseball. We're going to find out just h
-5.0123878,15.946814,3," I had no idea.  I mean, until he said-- until he went up to the umpire's chair I had no idea he was"
4.874471,-3.6800783,5,"We are from a cricket crazy nation, so, yeah, people are expecting from us to win, and we are going "
1.6229368,-13.070193,6,Just trying to get better. We've been fortunate to get to the Round of 8 the last couple years. That
-2.43061,-16.102247,5,"It's tough having to think about different games, especially in the Playoffs.  I think we've done a "
-7.2548704,-8.822432,7,We're really excited to be here in Pittsburgh. We've enjoyed our time here. Been here since Monday. 
-1.2191759,19.22866,2,"Yeah, I don't know if I came into his first year here shooting for 150. I think days off are importa"
-3.3005362,11.674914,2," I don't know, he played okay, so good. I didn't have a lot of chances.  I was always behind.  I don"
-14.306254,4.368573,4,"A little bit, yeah. I think there's two different situations; one was with two outs, one was with on"
5.4812303,-1.520702,5,  I'm blessed.  I'm blessed to be there.  I'm grateful.  But at the end of the day that's good and a
14.631867,-13.153474,5,"I think they're excited. I think part of the excitement is, when you hear how things are going to be"
4.187164,17.172667,1,I think all of his meetings are pretty similar.  It always ends with  Do the obvious things right.
-6.782546,10.014069,2,"Yeah, the innings started well and Javeria played well, and we had some more partnerships. I'm tryin"
-1.0258313,22.724129,2,Sevi is another guy that really improved his defense over the course of the year. Always a catch fir
-16.707531,-12.562237,2," Well, if she -- it is hard to tell.  I mean, if she keeps playing as well as she does, maybe.  But "
17.229225,14.857632,1,"For sure. Oh, yeah. Let me give you an example. I bring in Thomas Hardy to pitch the seventh inning."
6.9986544,7.98128,7,"I've got some friends up here and my parents are driving up tonight.  My brother lives in D.C., so n"
-0.33215848,-27.66901,8,Absolutely not. Absolutely not. This is just a little thing that turned into a big thing that turned
-16.774263,13.178667,5,"  ""Don't lose.""  He was pretty simple about stuff like that.  The ball is in my hand and I have cont"
-2.2289474,11.316306,4," I don't really know, you know, what was going through his head.  He played a good game to break me."
-11.030161,-2.7007644,6,"  We took some time off yesterday just to kind of get away from it a little bit, and we reconvened t"
12.619747,6.128032,7," Yeah, I kind of felt like you know, the crowd was for me and you know, it is a good feeling to have"
14.453263,5.796661,2,"I agree, I think it's a great recognition for her and for her Teammates. Obviously you don't get to "
-16.962843,-1.0807182,7,  Not very big.  We had three people living in one and two people in two other rooms.  I had a singl
-8.275271,19.542557,5,"I think he does a good job of keeping himself in the mix.  He's that type of guy that, yeah, he's ar"
-1.6718248,-24.351639,2, We have Karrie Webb here.  She comes into this tournament having won last week at Evian and in very
-7.072853,-5.737128,7,Absolutely.  It's exceeded our expectations.  When you get down here in this weather and the hospita
6.515844,-9.225309,1,Can we talk about that after a few cocktails? (Chuckles.) There was a lot of conversation about that
12.440176,-7.1113434,7," Ask her what she means.  I mean, hanging out for me is just being home and play tennis one day and "
1.3584644,15.046516,5,I think the future is bright for this organization. I know Jeff is not only planning to be good for 
4.9612465,5.0618434,5,"That's what you live for. For me, I need to get in my pregame routine right now, and that's where I'"
25.897188,-0.8045865,7," I was sleeping also.  And taking a lot of showers, because you sweating just walking on the street."
0.3846681,-3.069018,5,I just think it's going to be easier this year because I know the players so much and I know -- I'm 
-3.7062807,4.7510157,2," I don't think so, no.  I wasn't very happy with my game today, so I don't know.  I didn't do anythi"
15.668344,7.974007,7," Just have to read Brad Gilbert's book then you know everything.  You need to read his book, then yo"
21.27424,11.507679,7,"Congratulations, Marcus; Yordan, thank you for coming; Yasmani Grandal, Xander, Kirby, thank you for"
7.7441697,-6.6122727,6,I think we're going to come out tomorrow and try to apply pressure. When we play our best baseball w
-4.9855876,-12.336993,7,"Yeah, but to what extent, we didn't know to what extent. But, yeah, we were trying to take some prec"
4.6242657,-1.4153675,3,  I'm not going to get into all of those because I don't know all of them.  I'll just be in there at
-2.8680227,-20.288439,4,"Yeah. Actually, we think the first one is edge, but unfortunately, we lost the review, and the secon"
4.0694747,-6.6692896,1,  I don't know that Will is going to be able to help us do anything when we're sitting eighth.  That
22.00242,-1.3915536,2,Am I a fan? I love it when my pitchers get three hitters out in a row. I think that's the greatest t
-6.1055684,-16.913933,4,"National championship over everything.  This is an amazing experience.  We really came out today, an"
15.569385,12.708632,4,"If you were to use this week's current rankings, pre British Open, and apply the new 35 divisor, I b"
22.184416,4.977679,2,I think everybody needs a little bit of confidence. You can't go out there not having any. If it's y
-10.206372,18.435436,2,He's extremely smart. He can move the ball around. He changes speeds from 90-plus to 70 and below. T
8.170805,-17.199465,2,"It's just a great group of guys and they played so well, and they were just flying all over, and tha"
11.4867,-14.969543,5,I think it helps our players knowing that they got a chance to play here for a couple of days. They 
5.292144,27.638308,7,"That's an inside joke. Tommy and I have spoken a lot, as much as anybody I've spoken with has been T"
-2.8145587,-17.68307,4,"  I don't think ever in a major  -- to be in contention, I don't think we've ever been in the final "
21.466835,5.9515767,8, You don't deserve to take my money.  I deserve to take your money because I help you do your job.
20.952799,12.049212,7,"Jenna Gray, setter, Stanford volleyball. Not a question. But just wanted to apologize for all of the"
1.8014361,14.418538,7," It is great.  It is a great city for sure.  You can see some real life and you know, since we only "
-18.717619,4.658551,2," When I first hit it, I had no idea whether it was going to go out, but once it goes out, it's a pre"
4.464871,5.621717,7, That's true.  I'm always afraid I'm going to get shot because somebody thinks I'm Brad.  I need a s
-1.2155582,-17.68355,5,It's the first time we've ever achieved that in our 27-year history.  Obviously we're excluding the 
-1.7638173,-14.155931,5,I'm just looking forward to work with these kids again. That's my mindset. I'm very lucky to have th
-4.3247275,-9.871876,5,"Yeah.  It's like -- I mean, the goal is to get back and win it, though.  We're not satisfied with ge"
9.919783,-10.589996,5,  No one on this Team cares about Individual awards.  Not something that anyone needs to be concerne
12.656577,-3.243726,5,"Griff Thompson, Will Hudson and Patrick Burkinshaw are like three of my best friends on the Team.  I"
22.915133,7.3462925,7,"Thanks very much, Ted. If you would like to ask a question, raise your hand and wait for a microphon"
-4.9948163,4.446879,5,I hope so. I hope so. I'm AOK with being the underdog. Kind of been there for most of my career. I'v
6.857289,-21.927668,2,"Well, that line, when they're all together, they have great chemistry for sure.  That line will be m"
-0.25844517,-12.519043,5,"Through text chains, different things like that.  We obviously see him when we're at home.  Chris Wa"
5.3913717,-15.335467,1,"Yeah, I think especially early on, being in their building, it's something that we can certainly do."
9.31846,6.658326,4,"  We approach every game with that mindset.  We want to be the Team that gets the first loose ball, "
-5.7805934,0.13881527,1,"  We have Batista listed on the bullpen card today, but it is strictly in an emergency situation tha"
-12.935758,10.568013,7,  After I came into the room and I saw today I didn't know if it was me seeing him or him lying down
16.240135,-12.299922,7,"I found out from Alex Bregman, by the way, which is part of the story. I forget to answer the first "
-9.261602,-18.27132,4,I'm not too sure what really happened.  It just happened so fast.  But the officials did a tremendou
-15.275121,20.02662,4, It broke left to right and at the end it came back and it was coming back right to left at the end 
-19.018162,-11.853002,7,At what point does she stop becoming the transfer from Michigan? That was three years ago. She's Tif
19.744368,1.0698266,4, It is the same.  It is fast.  Just fast.  You can't say it is two miles slower or something.  It is
-19.602448,17.644331,4,"On the 10th tee I put it in the rough but made a bogey there, but on the next hole I made a birdie, "
-20.575443,0.63433045,2,"I thought I did fine. I don't know, I'm just playing to win. I guess that's the key to my performanc"
13.131138,11.531576,8,"""Don't you think you had a moral obligation to the British fans to let them see the greatest player "
-7.8420577,14.179221,2,"Yeah, I don't know if they're really slowing him down.  I think he's getting looks.  He's just not s"
-6.184597,-5.7351894,5,"We trust our players here. You hear a lot of people like me sit up here and say that, We trust our p"
-14.294007,20.660255,1,"Yeah, the coaches always emphasise on bowling on the right place and right spot and right length and"
3.479768,-8.64114,5,"That's a tough call. I haven't even looked at schedule yet, but I know we play good baseball, and we"
-9.657707,23.12978,7,Something we did as an organization is we sent a group of professionals to Puerto Rico to work with 
-1.1077477,5.242162,5,"No, I'm a genuine guy, and it's really easy in this game, especially players. They see through the p"
10.323804,-4.342814,2,"Today was a much better day, yeah.  Eight birdies and felt great out there.  Nice to post a 65 up th"
0.9788534,0.31222573,1, I prefer to leave it a secret because I'd like it to be working for me for more and more weeks and 
10.692204,-18.512127,4,They didn't win 106 games for nothing. They'll really good. They've got a well-balanced lineup. Thei
-9.584499,19.937252,2,"We're very pleased with the way he played. Obviously, the errors aren't part of the equation, but wh"
-6.849825,-9.749832,5,We're happy to be back at the Final Four. Excited for our match on Thursday. Been a great year for u
0.024816627,-6.5217376,3,"No, no. We have not. And I think it's probably something he would be open to. We have started talkin"
8.97139,-11.049726,2, I- wasn't- worried about the other guys in the draw.  Just concerned about my matches and what I wa
18.915722,6.8147254,7,"It's about seven, eight hours.  I'd skip school on Friday and go down.  I missed my fair days of sch"
-18.367167,-13.414698,2," Well, sure she's a great player.  She has been at the top before, and, you know, she knows how to w"
1.2611974,22.608095,1,It's just tactically just to break the momentum because she was getting bat on ball and just to slow
11.012698,-10.976673,7," Yeah, first time.  Sometimes they defaulted at the beginning of the tournament, but not beginning s"
14.019286,17.291826,7,"  Yeah, it's actually a good influx of really good people.  It will just help on the engineering sid"
-2.490124,1.5332814,7,"  I happy to be in that position.  I am not thinking about if I am surprised or not.  I am very, ver"
17.850319,-18.865307,7,"  Interestingly enough, it's never like this day of decision.  I just kind of start working out and "
13.104496,-9.359575,2," Yeah, I mean, I worked also a lot my physical, so I know I have now maybe one of the best also."
-16.55746,12.443381,2,"No, that's where the ball went. As soon as I try to premeditate, I usually lose my wicket. So I have"
8.706331,-3.5872114,2,"Yeah, of course it's a worry. I think any Team worries when their senior players aren't performing. "
2.313705,-2.9886384,1,"That is extremely important for us in offense.  To be as successful as we need to be, we need to hav"
17.83281,-13.929154,1,I'm not sure what the answer to that question is. The most direct and easiest way to answer is proba
16.016933,4.6831603,7," Well, what can you do when you have a rain like that?  There is not much you can do and when you wa"
10.108402,17.33882,7,I put that out of my mind a long time ago.  I could have sat in my den a lot of times and gotten mad
17.329647,4.4787803,4,Do you want to go through the birdies first and then he can make some comments?  You started on 10 a
-15.56496,5.3373466,6,"Doesn't look like there is one right now, but I hope there's one tomorrow. We're waiting until the l"
-22.32549,10.298994,7,"  I did.  Probably had a small piece last night, too.  I have had a couple of pieces since we cut it"
4.893672,-23.081076,1,  It's been good.  We got to enjoy some experiences that we don't see happen very often; so enjoy th
-22.733294,-12.596455,2," The forehand, the backhand, I already had it.  I have a forehand and two hand backhand.  Two hand b"
-12.938766,-9.647076,7," Well, I mean, I want to thank Laura, that's quite a compliment.  I mean, it's tough for me to think"
-9.509924,3.5515738,2," It was a little difficult to get into the court.  But it didn't take a lot of time to do that, the "
-13.899433,-1.7199951,3, I just came in with a bad knee and it just started getting worse.  It was a bit painful to push off
-13.507159,-7.8439627,7," Not anymore, as long as you have the right documentation it's not too bad.  But I didn't want to pu"
7.2871575,-16.743454,6,"""Them"" being Stanford? Well, they're good. They were good then, and they're good now. We know we've "
-5.2906127,-1.6861491,8,"Yeah, look, nothing has been decided yet, so it's tough to talk about when there is an investigation"
-9.0786495,18.221436,2,"  I mean, obviously, all the experiences that he's had.  He's not going to get surprised by anything"
-16.135366,-13.148703,4," Not yet, but maybe I will in a couple of years.  Today she had a good chance, because I wasn't play"
8.313713,20.430391,7,"I feel like I'd say what my mom always says about us when I ask who the favorite child is, and she w"
11.954154,25.660067,7,  Karting?  I was going to race a club race next weekend but then I realized I'm testing a couple da
13.904373,-3.8983254,2," Yeah, I would like to reach the top.  I would like to be the best.  I try to keep improving and to "
0.48310083,2.9808679,3,I think I am going to take about a month rest and let my knee heal and get ready for the tournaments
-13.421027,13.537453,2,Ask him if he can speak as loud as when he hit the ball on the train so they can hear him back there
8.797557,-8.850563,1," Hopefully there's somewhere I can do some sort of fix-up job, if I can get it somewhere near 55 deg"
-6.3526053,-26.147905,2,"I finished tied for second, played well.  I was tied on the last day and I finished second, finished"
-1.7907119,-6.285382,7," I just want it to be on the record so anybody upstairs and the writers that aren't here right now, "
-14.557063,-11.584267,6,"  Well, if I'm playing with Karrie, I look forward to it.  She's obviously one of the greatest playe"
-1.767553,-12.040888,1,"Just different adjustments. Different adjustments to make, different pitches. And to be able to focu"
-17.087343,7.0245,4," Oh, it's probably been -- I think maybe one of the holes in Reno, Nevada, I think I did it once the"
0.65660465,-19.492868,5,"It was a good feeling, especially after last year. Overall we're just glad that the Team did well an"
20.420963,2.623484,4," Six probably.  6 over through the first ten holes, at least four or five shots.  When that stuff ha"
1.2391915,-5.2751966,5,"Maybe even a little bit before. No, we all know who's going to potentially be available, so it was d"
5.5601554,-12.826169,7,"How good we're going to be, our young core of players, what we've got going. That's the best sell I "
18.658092,16.447681,4,"Yeah, so I didn't even know the 1 car had an engine issue. That's a bummer for sure. Our engine shop"
-7.7954545,4.5162044,2,"didn't fire me up a whole lot. I look out every day I loved practice, even as a player, I"
-11.230106,14.720887,2," A little bit, but not very much.  I didn't change anything really; just very small things, you know"
-24.154419,-8.064941,1,About four years ago.  I started using it midsummer and I've used the same putter ever since.  I've 
2.8966904,1.7156154,4,We played a match without Madison Duello. She's kind of an important part of what we're doing. And i
-2.229198,3.4375012,2," I don't think so.  Not at all.  I know she is a good player, but all the other things have nothing "
9.248103,13.651372,2,"That's a great question. This year since Spring Training, him, Robles, and I have really come a long"
6.739503,3.0155969,7," Well, when you ask me that, I feel maybe a little bit bad for her now, but I feel more happy for my"
3.457963,-14.0682335,6," Just looking forward to playing this game, because every  -- we've always dreamed of playing in thi"
4.6215715,-7.2714076,5,I see where you're going.  That's not our motivation.  We're trying to compete for a title.  Golden 
17.742714,-9.820427,1,That's a part of the coaching staff and what was evaluated of the situation and the nature of this t
-19.549206,1.825023,4,I think I got -- I kind of just saved it when my ball striking wasn't there; when my putting wasn't 
-17.186419,-14.273048,6,"Yeah, Murshida is very young in the Team, and she has the potential to play well in the match. She's"
-0.021908136,-2.418638,6,I don't know what the Nats fans are going to be like. I know they're going to be loud. I know it's g
-6.862401,-9.677588,6,We're very happy to be here and excited to be competing in this phase of the tournament and looking 
-6.8801165,-13.15408,1,"  Yeah, it was more just the read.  I had every intention to go with a rotation that we have been an"
9.197819,-13.954611,7,"That's a really good question that I don't know exactly how to answer yet, specifically, because the"
1.9089768,-5.019139,1,"You know, we'll have these conversations all day. It's an exciting time. Our pitching will be mapped"
-7.2735915,-20.943344,5,"  No.  I mean, our backs are against the wall.  It's not like it's never been done before.  We still"
-12.062122,16.423225,2,"If I had to pick one weakness from AnÃ»?bal, it's hold the runners on. And we knew that. We tried di"
-10.267201,2.5269253,4,"  Yeah, unfortunately I didn't hit that great of a shot on 11.  I feel like I executed my game plan,"
9.585441,12.910519,4," I don't know why was that.  I have six chances to come in, I didn't come once, so that is the way."
-14.631641,0.2051588,8," I could got a bad call, Bud.  Just long time out there to get a bad call on a big point."
-4.507379,-5.03411,7,  It means the world to me obviously that they're here.  This is the closest golf tournament that we
9.865554,6.9600673,7,Just makes you feel good.  It makes you want to play harder and play better because it is also a goo
21.909277,-1.372569,4," I think it's just another loss.  I mean, we won six Grand Slams in a row.  How lucky do you want to"
-7.3558893,18.032082,2,"He's good. He threw, he felt good. We'll see what transpires between now and tonight. But he says he"
-8.310638,10.951962,2,"I haven't yet spoken to Max today, waiting for him to get here. So hopefully he's a little bit bette"
-5.6169295,-14.560686,4,"Yeah, I think tonight they were really clean, yeah, I'd agree. And I thought we had some chances cer"
-4.3721337,-20.19654,4,"I think we had a good season, the seniors stepped up and this was their last game and they played ha"
8.556754,4.0296326,7,"No, I appreciate you saying that. But I'm not saying this trying to brag or trying to have any sense"
-16.892647,11.697893,7," I don't know, I signed the ball for a kid, so he might have had it because it was the same number. "
23.042711,10.265156,4,"  Honestly, today's round was a little bit boring.  I had 16 pars going into my last two holes, and "
-12.933599,16.529427,2,"It's been huge. And like I said, everybody talks about our big three, but AnÃ»?bal has pitched unbel"
16.974905,-7.0760155,2,Status is still the same.  He went through the film session and that was the bulk of what we did.  S
7.340822,10.986774,7,I think everything has been pushed into the pile already. All these cars are pretty much prepared th
-10.258142,4.1515207,2," Well, I didn't play my best, but I think a lot of that is due to what he was doing."
7.550567,-1.8220979,5,"To be honest with you, I don't think many guys really think about the series in its entirety. I thin"
0.8932897,-7.140089,4,"No, we didn't have those conversations. Yeah, it was really just about getting the score today and w"
-0.0072658234,-18.157415,1,"Not much. We were just looking to keep it simple, and yeah, we were just being in the present and en"
-1.4766176,-24.026289,2," I said this last week at Evian I wanted to do Top 10, Top 15, which last week I totally failed.  So"
-1.7030252,9.23331,7,"I'm going to have a press conference tomorrow at noon, and I'll address all those things then. I thi"
7.22147,-4.3372283,1,I don't get caught up in that.  I go out ask there and get myself prepared to play a big game and wo
2.4836009,2.1709225,2," No.  It is just that you know, the first match I played very good and today, I think I played much "
-6.947753,0.30786783,6,"No, I don't think it really was ever an idea. I threw a bullpen yesterday. Obviously found out when "
24.92579,6.356177,7,"What about later in your career, the Olympics? Does anything stand out to you as being such a pristi"
-18.297485,-14.279871,2,I think she passed over 2-4 and made zero hitting errors and she did a really nice job. She had a to
20.736063,8.943038,4," Yeah, I mean, given the condition, I think 67 is a great score, let alone tied for the lead.  Any t"
-4.8324337,27.245235,7,"  It definitely reminded me of it, just the excitement, the ""I can't believe this.""   I definitely s"
-14.9790535,-23.54578,1,"MIKE LEACH: Yeah, it's kind of a next-man-up deal.  It's a lot like practice or spring or camp  you "
10.796202,17.59147,4," At times, no.  At times, yes.  Depends on the player, depends on the day.  As far as today, I think"
-15.913546,-16.998423,2,"  Well, she's going to get better open looks in this series than she did in the last series, so that"
-4.8874564,27.023527,4,"No, definitely not.  I'm just thankful I shot a really good round today and I got myself back into i"
-2.4939303,6.647953,6,I personally don't think so. I don't think it's one point or two points that determine anything. It'
12.40459,2.6432652,7,You think about a lot of things before signing. You think about a lot. But I never thought that I'd 
-17.623098,-13.662535,1,"She won't be able to answer that. Yeah, she still was going to sit out. She's a precautionary risk, "
6.4114003,21.40709,1,"  Yes, because before couple weeks I don't have a confidence, you know, like distance.  If I have li"
6.5180583,-8.762333,6,"Yeah, I mean, there's probably not going to be a lot of odd-man rushes.  We know that.  It's been a "
22.338402,-7.5540504,4,"We tried to back up bowlers with the field, with setting the field, but the bowlers didn't really bo"
-22.24337,5.36222,2,I don't think there was one thing that I helped him with.  I think Andre is probably giving more cre
6.1943583,-4.2236843,2," I don't know.  Maybe.  I hope so, but I have to try to play the next year in the big tournaments cl"
1.900277,-0.9423379,7,Had to make a choice between that and Mexico and come home again is going to be the order of the day
-20.711123,15.274426,4," On 17, I didn't hit a good drive.  I hit a 5 iron in.  I had 235 to the pin.  I carried it 223 or s"
-7.4703155,19.233019,7,"As of right now, yes. I think he talked to some of you guys already. He gave you thumbs up, didn't h"
-8.865711,16.851072,7,"You know what, he's coming to the game. He's a fan. Hopefully he cheers for the Washington Nationals"
25.197758,2.728815,4,It's an incredible feeling. I really don't have many words right now. But after winning games one an
-11.8179455,6.219416,7," No.  I knew I was going to play two days in a row.  I was supposed to start on Monday, so was prepa"
1.2160871,17.837898,7," I am extremely delighted.  I think it's funny because when I won back in '98, I never even made a t"
1.5320407,2.4222097,2," As I said, I really believe I am a better player now and I think I deserve it more, these days and "
-18.458961,10.11159,7,I did not get a free dinner actually. There might have been a bill. I might have hit a window or som
14.667353,-1.6655189,7,"  Oh, I can see far away.  I just can't see close up anymore.  Can't read the scorecard, but I can s"
18.734865,-3.225235,4,I would say it was very close to maximum.  But not 100%.  I would say it was very close to maximum. 
18.059008,9.779712,4,"Yeah, everybody is on edge when you go into OT.  One bad bounce, it could be turning out badly for y"
11.141164,4.322627,5,"  Yeah, we'll talk about the starting lineup, we'll submit it 30 minutes prior, not before then. And"
-21.730804,-4.9147935,7,"  Again, the media is going to look for something, blow something out of proportion.  That's somethi"
11.861447,6.5162826,7,"  Not yet.  I saw her son this morning at the daycare.  You know, it is hard to kind of catch up bec"
4.554592,-21.870384,6,"Well, there's been times where that does happen, for sure.  We respond pretty well to adversity.  Wh"
21.591732,10.572489,2," Thank you, Geoff, for joining us.  Great round today.  I know you were probably a little disappoint"
-8.43135,1.6176761,4,"Well, I wasn't aware of that, that a lot of their runs were being scored during that portion of the "
6.3210473,1.2300835,2,"There was a time maybe when I was -- when I was more beatable, two years back, three years back, but"
-18.603699,-0.8776081,7,My dream was pitching in the big leagues was my dream. I always imagined playing the World Series an
-10.176269,-7.1062493,7," Well, I was on the Nationwide Tour for five years after college, and I've been close a few times.  "
-14.358251,-3.3324118,7,"Yeah, I guess I haven't really thought about it too much. But I'm sure I'll probably push it back a "
-9.48434,-8.969041,6,"Yeah, I've never been to the SCG. I've seen it all on TV in the Ashes when I was younger, so it's qu"
13.070096,-9.172916,4," I didn't make so much final, I mean, it is my second -- third, so -- but one day you have to start "
21.406157,-16.288502,5,"I think other than just the whole keeping the Team motivated, keeping the morale up. I don't know, a"
-4.2804976,-9.956413,6,"Yeah, it's exciting. I think after the first couple of games obviously our goal coming here was to b"
-11.5261345,-19.950478,1," No, but I think I was a little bit slower getting into the balls; especially at the net, because I "
15.246238,1.8270969,1,"  I don't know if you can compare them to any one Team.  I think every Team, every defense has it's "
-7.989712,-8.232442,7,"Yeah, I'll have some family and friends. It's nice to be back in a city that's somewhat familiar. It"
-15.172623,9.337519,4," It was just kind of sitting down, nestled down but I could see the ball.  I've been in worse, belie"
-2.859387,-2.495252,1,  It's a huge deal.  It's the switch of a game.  Could be the change of an outcome.  It's key.  We k
-12.265742,-4.896473,7,"  It's been a good time.  I got a chance to enjoy the city a little bit for a couple of days, look a"
-16.95787,19.96736,7,It's a Taylor Made Rossa putter.  I putted with a Rossa earlier in the year.  I'm going back and for
-0.1640222,-17.175262,5,I think so too. We kept learning as we went. That was the biggest thing. We were just taking it one 
13.959036,1.5321164,5,"  Hell, yeah.  Yeah.  Look, I show up to win every race, like any of these guys.  If you don't have "
8.646628,-14.555851,2,"I don't know if we can say we don't know a ton about them, just because of how good they are this ye"
-7.274251,2.6024044,4,"The BYU match from my freshman year, yeah, I saw a little parallels to that game, just that back and"
-11.747852,-9.016877,4,"  Yeah, I think it rained a lot last night and the course was playing quite long and quite soft.  Th"
4.595564,13.814718,7, I didn't eat at Flushing Meadow all two weeks.  What I was doing was getting good New York delis sa
6.7372355,16.561926,7,"Good afternoon. My name is Jon Shevstakovsky, and I am vice president of communications and educatio"
-6.8731356,6.673228,5,"Yeah, I use that as a lot of motivation personally. I love it. Honestly, like, if people want to mot"
-10.688983,-22.925074,4,"We actually hit some balls hard, we really did. We just can't get nothing going these last three day"
-22.260586,13.260227,4,"Execute.  Last night was a lot better, simplified getting pucks to the net, got some traffic.  We ha"
7.202884,22.112783,4,"  Pretty tough start.  You know, like actually 1st hole I make bogey I feel like it's can happen bec"
13.285384,17.469492,2," Bart, you've had a consistent year as far as making cuts, and you're 168th on the money list but ma"
-7.1562905,-13.65642,4," I thought I had a chance to go in the fifth set, especially with the breakpoint in the next game."
17.952833,9.82442,5,"Yeah, obviously it feels great when you do something for your Team, and yeah, I'm really looking for"
-11.433908,0.70485747,4,  It was a little bit luck that -- Todd normally plays with Arantxa and Arantxa decided not to play 
-1.8199192,-8.639521,4,  I was talking to Sue about it before we finished.  I talked to Cathy [Engelbert] about it before m
19.747334,20.320091,7," I've got a bunch of family in town, so I'll probably just be at home and entertain all of the famil"
9.736863,-21.492706,5,"Yeah, I think those guys both came into our program a little unsure of what their role would be.  Th"
-4.6100445,9.146546,3,"  He's a competitor.  What he's trying to do -- you tip your hat to a guy like that.  Obviously, it'"
-15.658456,-17.250565,4,"This was the first time we've played in these conditions, and it's very different than ours. Usually"
-11.436217,-1.427684,2,"I think so.  I shot 66 and I was winning so I knew I was going to qualify, so I came straight over a"
-13.134995,6.393012,7, Because they was playing volleyball in the big club in France and the first activity was the tennis
12.411764,16.506868,7,"Well, I think I would characterize it as a tale of two cities. I think as between the negotiating co"
-3.389401,13.026219,2, I think it is difficult to say because I think he is second tournament.  I don't know how many tour
8.179264,0.46262974,5,"I feel a lot better after today, getting out of here with a good day, leading laps here. I feel good"
15.798294,-8.910567,6,"So, yeah, the pitch will probably play the same for both Teams. So it's just a matter of consistency"
8.731052,-5.0307236,5,"I don't know. Everyone is a little bit different, honestly. You just try and get to know one another"
0.7103223,-14.53118,5,"This Team had such a great year, and to end like that -- they are a great Team. I just wish we could"
11.9383745,4.708201,1,"Yeah, just in general terms if you look at a lineup and you have -- the fewer guys you have to game "
-9.168869,-9.255364,5,"I don't think I'll be able to describe what it's going to be like.  I know from what I've seen, I've"
12.806169,-13.612689,2,Certainly know who they are. This is certainly about our young core. Those two guys are part of it. 
12.726303,17.603767,4," Well, as far as I am concerned importance of the tournament and the kind of the player I beat today"
-3.610078,-13.326347,1,"Yeah, it was a lot different this year.  We had the experience.  We knew what the crowd was going to"
-7.4309607,17.295897,2,"I'm glad he told you that. I talked to him today, he says he feels real good. He's going to go. And "
-4.9050775,20.46823,2,"We're counting on Cano. He's another guy that had a bad year last year. Knowing him, knowing his pre"
-8.024607,-13.897237,4," He was out today and hopefully get a chance to see him in the next couple of days, I wanted to go l"
-18.349619,9.942318,7,"I think I might have been in 2000.  I think I was the oldest guy.  Nick Price was there, and I think"
-3.490486,8.003533,4,"Like I said, I just don't -- I don't want to make this about one play. It was a big play. I just don"
-13.40819,1.3107721,4, I didn't about that.  I just tried to play it point by point to see the next point and don't think 
8.021583,10.113057,4,"  I don't necessarily think it is an advantage.  You know, we have been involved in a Championship G"
-19.672441,-14.161031,2,"CHRIS HIGGS:  I think the only debate about any one player's performance is she being, whoever 'she'"
4.815374,1.0914006,7,"Exactly. We play this part kind of back to back to back, so it's nice to be in the same place. A tra"
1.6171101,7.5980434,7, It is enough to worry about is what is in front of me.  I don't need to worry about what everybody 
-17.064447,-11.11066,2," Oh, definitely.  I mean, definitely. She beat her earlier this year in Delray Beach.  I mean, I kno"
6.4960413,-12.665242,1,"We're pretty good, too. We're going to try to adapt to him. And I think our pitchers did a good job "
18.331284,-19.310957,7,It's devastating. It's not something that I wish on anybody in this room. Just like I don't wish any
-6.2833714,18.68002,7,I think he'll be great. He's a fun-loving guy. He's a different dude. I think he'll be great in that
9.702685,-12.931686,7,"No. They haven't reached out because of that. I've had players reach out to me this off-season, but "
-10.789332,-11.856857,4,"I mean, they won some two-strike counts. They battled. I mean, I feel like I've said this a few time"
-16.011246,19.880003,4," 3, I hit it in the rough left and then hit it in the front left bunker, just got it on to the green"
